<?xml version="1.0" encoding="UTF-8"?>
<Generateur>

    <Table> <!-- Articles -->
        <Champs>
            <Donnee Type="Dictionnaire" NomColonne="article" NomDictionnaire="referencearticle" />
            <Donnee Type="Numerique" NomColonne="vente" Null="0" Min="1" Max="10000" ModeGeneration="aleatoire"/>
        </Champs>
        <Parametre>
            <Sortie SQL="True"/>
            <Nbligne valeur="8"/>
            <NomTable nom="articles"/>
            <Seed valeur="11276666" />
        </Parametre>
    </Table>

   <Table> <!-- Vendeurs -->
        <Champs>
            <Donnee Type="Dictionnaire" NomColonne="vendeur" NomDictionnaire="prenoms" />
            <Donnee Type="Numerique" NomColonne="refVendeur" Null="0" Min="1" Max="10000" ModeGeneration="aleatoire"/>
        </Champs>
        <Parametre>
            <Sortie SQL="True"/>
            <Nbligne valeur="8"/>
            <NomTable nom="vendeurs"/>
            <Seed valeur="10276663" />
        </Parametre>
    </Table>

    <Table> <!-- ventes -->
        <Champs>
            <Donnee Type="Reference" NomColonne="article" TableReference="articles" ColonneReference="article" />
            <Donnee Type="Reference" NomColonne="vente" TableReference="articles" ColonneReference="vente" />
            <Donnee Type="Numerique" NomColonne="mois" Null="0" Min="1" Max="12" ModeGeneration="aleatoire"/>
            <Donnee Type="Numerique" NomColonne="annee" Null="0" Min="2010" Max="2018" ModeGeneration="aleatoire"/>
            <Donnee Type="Reference" NomColonne="vendeur" TableReference="vendeurs" ColonneReference="vendeur" />
            <Donnee Type="Reference" NomColonne="refVendeur" TableReference="vendeurs" ColonneReference="refVendeur" />
        </Champs>
        <Parametre>
            <Sortie SQL="True"/>
            <Nbligne valeur="10"/>
            <NomTable nom="ventes"/>
            <Seed valeur="102766666" />
        </Parametre>
    </Table>

</Generateur>
