<?xml version="1.0" encoding="utf-8"?>
<!-- generated via Exemples/minimal.xml -->
<Generation> <minimal_id_article><ligne><id>1</id><article>GBU-22</article></ligne><ligne><id>2</id><article>WNP-91</article></ligne><ligne><id>3</id><article>YTu-11</article></ligne><ligne><id>4</id><article>JUO-87</article></ligne><ligne><id>5</id><article>ZKR-66</article></ligne><ligne><id>6</id><article>GDx-46</article></ligne><ligne><id>7</id><article>XYs-61</article></ligne><ligne><id>8</id><article>WHd-22</article></ligne><ligne><id>9</id><article>CEh-76</article></ligne><ligne><id>10</id><article>NUN-45</article></ligne><ligne><id>11</id><article>ERa-40</article></ligne><ligne><id>12</id><article>UQD-49</article></ligne><ligne><id>13</id><article>NZB-74</article></ligne><ligne><id>14</id><article>AHF-16</article></ligne></minimal_id_article></Generation>
