<?xml version="1.0" encoding="utf-8"?>
<!-- generated via Exemples/minimal.xml -->
<Generation> <minimal_formule><ligne><id>1</id><double>2</double><triPlusUn>4</triPlusUn><cinqPlus7>12</cinqPlus7><longueur>3</longueur><largeur>2</largeur><aire>6</aire></ligne><ligne><id>2</id><double>4</double><triPlusUn>7</triPlusUn><cinqPlus7>17</cinqPlus7><longueur>5</longueur><largeur>3</largeur><aire>15</aire></ligne><ligne><id>3</id><double>6</double><triPlusUn>10</triPlusUn><cinqPlus7>22</cinqPlus7><longueur>3</longueur><largeur>5</largeur><aire>15</aire></ligne><ligne><id>4</id><double>8</double><triPlusUn>13</triPlusUn><cinqPlus7>27</cinqPlus7><longueur>1</longueur><largeur>5</largeur><aire>5</aire></ligne><ligne><id>5</id><double>10</double><triPlusUn>16</triPlusUn><cinqPlus7>32</cinqPlus7><longueur>1</longueur><largeur>2</largeur><aire>2</aire></ligne><ligne><id>6</id><double>12</double><triPlusUn>19</triPlusUn><cinqPlus7>37</cinqPlus7><longueur>3</longueur><largeur>2</largeur><aire>6</aire></ligne></minimal_formule></Generation>
