<?xml version="1.0" encoding="utf-8"?>
<!-- generated via Exemples/minimal.xml -->
<Generation> <minimal_id_poids><ligne><id>MAT0001</id><poids>62</poids></ligne><ligne><id>MAT0002</id><poids>174</poids></ligne><ligne><id>MAT0003</id><poids>232</poids></ligne><ligne><id>MAT0004</id><poids>93</poids></ligne><ligne><id>MAT0005</id><poids>225</poids></ligne><ligne><id>MAT0006</id><poids>210</poids></ligne><ligne><id>MAT0007</id><poids>52</poids></ligne><ligne><id>MAT0008</id><poids></poids></ligne><ligne><id>MAT0009</id><poids>136</poids></ligne><ligne><id>MAT0010</id><poids>201</poids></ligne></minimal_id_poids></Generation>
