<?xml version="1.0" encoding="utf-8"?>
<!-- generated via Exemples/minimal.xml -->
<Generation> <minimal_imc><ligne><id>1</id><age>36</age><poids>94</poids><taille>181</taille><imc>28.7</imc></ligne><ligne><id>2</id><age>60</age><poids>105</poids><taille>150</taille><imc>46.7</imc></ligne><ligne><id>3</id><age>32</age><poids>90</poids><taille>192</taille><imc>24.4</imc></ligne><ligne><id>4</id><age>98</age><poids>83</poids><taille>184</taille><imc>24.5</imc></ligne><ligne><id>5</id><age>28</age><poids>93</poids><taille>142</taille><imc>46.1</imc></ligne><ligne><id>6</id><age>89</age><poids>65</poids><taille>150</taille><imc>28.9</imc></ligne></minimal_imc></Generation>
