<?xml version="1.0" encoding="utf-8"?>
<!-- generated via Exemples/minimal.xml -->
<Generation> <minimal_horairesDepart><ligne><NomTrain>SNCF-000001</NomTrain><villeDepart>Minsk</villeDepart><horaireDepart>2019-11-06 11:00:00</horaireDepart><TypeTrain>TRAIN CHARBON</TypeTrain><villeArrivee>Lisbonne</villeArrivee><horaireArrivee>2019-11-06 16:04:00</horaireArrivee></ligne><ligne><NomTrain>SNCF-000002</NomTrain><villeDepart>Bratislava</villeDepart><horaireDepart>2019-11-06 13:02:00</horaireDepart><TypeTrain>TRAIN CHARBON</TypeTrain><villeArrivee>Vatican</villeArrivee><horaireArrivee>2019-11-06 18:16:00</horaireArrivee></ligne><ligne><NomTrain>SNCF-000003</NomTrain><villeDepart>Prague</villeDepart><horaireDepart>2019-11-06 10:09:00</horaireDepart><TypeTrain>TGV</TypeTrain><villeArrivee>Sofia</villeArrivee><horaireArrivee>2019-11-06 17:22:00</horaireArrivee></ligne></minimal_horairesDepart></Generation>
