<?xml version="1.0" encoding="utf-8"?>
<!-- generated via Exemples/minimal.xml -->
<Generation> <lesCE1><ligne><id>1</id><idEcole>103</idEcole><Enfant>RHEAUME</Enfant><Prenom>Cosette</Prenom><codeClasse>3</codeClasse><Classe>CE1-CE2</Classe></ligne><ligne><id>2</id><idEcole>103</idEcole><Enfant>GOULET</Enfant><Prenom>Julienne</Prenom><codeClasse>1</codeClasse><Classe>CE1</Classe></ligne><ligne><id>3</id><idEcole>108</idEcole><Enfant>DANDONNEAU</Enfant><Prenom>Brice</Prenom><codeClasse>2</codeClasse><Classe>CE2</Classe></ligne><ligne><id>4</id><idEcole>104</idEcole><Enfant>JODOIN</Enfant><Prenom>Hugues</Prenom><codeClasse>3</codeClasse><Classe>CE1-CE2</Classe></ligne><ligne><id>5</id><idEcole>103</idEcole><Enfant>LEMAITRE</Enfant><Prenom>Marceline</Prenom><codeClasse>3</codeClasse><Classe>CE1-CE2</Classe></ligne><ligne><id>6</id><idEcole>106</idEcole><Enfant>LAFORGE</Enfant><Prenom>Géraud</Prenom><codeClasse>1</codeClasse><Classe>CE1</Classe></ligne><ligne><id>7</id><idEcole>110</idEcole><Enfant>BILODEAU</Enfant><Prenom>Geoffroi</Prenom><codeClasse>2</codeClasse><Classe>CE2</Classe></ligne><ligne><id>8</id><idEcole>109</idEcole><Enfant>CHOUINARD</Enfant><Prenom>Esther</Prenom><codeClasse>2</codeClasse><Classe>CE2</Classe></ligne><ligne><id>9</id><idEcole>109</idEcole><Enfant>PELLERIN</Enfant><Prenom>Elisabeth</Prenom><codeClasse>3</codeClasse><Classe>CE1-CE2</Classe></ligne><ligne><id>10</id><idEcole>105</idEcole><Enfant>PELLERIN</Enfant><Prenom>Ozanne</Prenom><codeClasse>2</codeClasse><Classe>CE2</Classe></ligne><ligne><id>11</id><idEcole>109</idEcole><Enfant>SAUCIER</Enfant><Prenom>Joachim</Prenom><codeClasse>2</codeClasse><Classe>CE2</Classe></ligne><ligne><id>12</id><idEcole>106</idEcole><Enfant>TESSIER</Enfant><Prenom>Colette</Prenom><codeClasse>3</codeClasse><Classe>CE1-CE2</Classe></ligne></lesCE1></Generation>
