<?xml version="1.0" encoding="utf-8"?>
<!-- generated via Exemples/minimal.xml -->
<Generation> <minimal_formule><ligne><id>1</id><double>2</double><triPlusUn>4</triPlusUn><cinqPlus7>12</cinqPlus7><longueur>3</longueur><largeur>2</largeur><aire>6</aire></ligne><ligne><id>2</id><double>4</double><triPlusUn>7</triPlusUn><cinqPlus7>17</cinqPlus7><longueur>5</longueur><largeur>2</largeur><aire>10</aire></ligne><ligne><id>3</id><double>6</double><triPlusUn>10</triPlusUn><cinqPlus7>22</cinqPlus7><longueur>3</longueur><largeur>2</largeur><aire>6</aire></ligne><ligne><id>4</id><double>8</double><triPlusUn>13</triPlusUn><cinqPlus7>27</cinqPlus7><longueur>1</longueur><largeur></largeur><aire></aire></ligne><ligne><id>5</id><double>10</double><triPlusUn>16</triPlusUn><cinqPlus7>32</cinqPlus7><longueur>1</longueur><largeur>3</largeur><aire>3</aire></ligne><ligne><id>6</id><double>12</double><triPlusUn>19</triPlusUn><cinqPlus7>37</cinqPlus7><longueur>3</longueur><largeur>5</largeur><aire>15</aire></ligne><ligne><id>7</id><double>14</double><triPlusUn>22</triPlusUn><cinqPlus7>42</cinqPlus7><longueur>2</longueur><largeur>5</largeur><aire>10</aire></ligne><ligne><id>8</id><double>16</double><triPlusUn>25</triPlusUn><cinqPlus7>47</cinqPlus7><longueur>3</longueur><largeur>2</largeur><aire>6</aire></ligne><ligne><id>9</id><double>18</double><triPlusUn>28</triPlusUn><cinqPlus7>52</cinqPlus7><longueur>5</longueur><largeur>4</largeur><aire>20</aire></ligne><ligne><id>10</id><double>20</double><triPlusUn>31</triPlusUn><cinqPlus7>57</cinqPlus7><longueur>5</longueur><largeur>1</largeur><aire>5</aire></ligne></minimal_formule></Generation>
