<Generateur>
   <Table>
      <Champs>
         <Donnee NomColonne="NomTrain"       Type="IDS"          NomPerso="referenceTemp" Prefixe="SNCF-" Suffixe="0" NbChiffres="6" />
         <Donnee NomColonne="villeDepart"    Type="Dictionnaire" NomDictionnaire="capitales_europeennes" ModeGeneration="uniforme"/>
         <Donnee NomColonne="horaireDepart"  Type="DateHeure"    DateHeureMin="2019-11-06T10:00:00" DateHeureMax="2019-11-06T14:00:00"/>
         <Donnee NomColonne="TypeTrain"      Type="Dictionnaire" NomDictionnaire="types_trains" ModeGeneration="uniforme"/>
         <Donnee NomColonne="villeArrivee"   Type="Dictionnaire" NomDictionnaire="capitales_europeennes" ModeGeneration="uniforme"/>
         <Donnee NomColonne="horaireArrivee" Type="DateHeure"    DateHeureMin="2019-11-06T16:00:00" DateHeureMax="2019-11-06T18:00:00"/>
      </Champs>

      <Parametres>
         <NomTable nom="horairesDepart"/>
         <Sortie SQL="oui" XML="oui" CSV="oui" JSON="oui"/>
         <NbLigne  valeur="3"/>
         <Graine   valeur="666"/>
      </Parametres>
   </Table>
</Generateur>
