<Generateur>
	<Table>
		<Champs>
            <Donnee Type="IDS" NomColonne="reference" NomPerso="referenceTemp" Prefixe="REF" Suffixe="0"/>
			<Donnee Type="DateHeure" NomColonne="Date_et_Heure" DHmin="1998-02-15T03:00:00" DHmax="2019-11-06T10:00:00"/>
			<Donnee Type="Dictionnaire" NomColonne="Prénom" NomDictionnaire="prenoms" ModeGeneration="uniforme" GenererDependance="False"/>
            <Donnee Type="Numerique" NomColonne="temperature" NomPerso="Celsius" Min="0" Max="100" ModeGeneration="uniforme"/>
			<Donnee Type="Formule" NomColonne="Fahrenheit" Formule="Celsius * 1.8 + 32"/>
		</Champs>

		<Parametres>
			<Sortie SQL="True" XML="True" CSV="True" JSON="True"/>
			<Nbligne valeur="15"/>
			<NomTable nom="essai1411"/>
			<Seed valeur="12"/>
		</Parametres>
	</Table>
</Generateur>
